{
  "IDENTITY.md": 1771772025.002164,
  "AGENTS.md": 1771772025.002626,
  "BOOTSTRAP.md": 1771772025.0028918,
  "HEARTBEAT.md": 1771772025.0030158,
  "TOOLS.md": 1771772025.003156,
  "SOUL.md": 1771772025.003333,
  "USER.md": 1771772025.0034738,
  "scripts/trmnl_push_image.sh": 1771772025.0036952,
  "scripts/redacted_backup.py": 1771772025.0039904,
  "scripts/icloud_email_monitor.py": 1771772025.0044687,
  "scripts/openclaw_auto_update.sh": 1771772025.004664,
  "state/icloud_email_state.json": 1771772025.0048418,
  "memory/2026-02-21.md": 1771772025.0052946,
  ".secrets/backup_repo_dir": 1771772025.0055044,
  ".openclaw/workspace-state.json": 1771772025.0056555
}